X,Y,Color
-1.2442994152182418,-7.926819268484129,0
5.436019513385965,0.11655151703426192,0
-3.702276965420217,2.3968553934285257,1
-8.03423760166812,-5.251426950982383,0
-6.156127432003711,0.9817614595762496,1
-6.895411142399899,-1.7998997834449284,1
-4.35276148004299,-0.28358063459630145,1
-9.91232295804776,1.7134960034605768,0
6.046471821226785,-2.834525789996121,0
0.8326895949129138,-7.513425052115592,0
-8.846390653928175,4.293622784758881,1
7.624987185895094,5.1958416740583,0
9.93993929924089,6.697725310314048,0
9.664909685121991,-1.8402835869626077,0
1.6692603750608903,5.196309083984815,1
-0.13809875255019577,5.045236165000544,1
0.06104567232380553,3.956045028075472,1
-0.5222500297256545,-7.774567341033849,0
7.47585429958103,2.590972728278114,0
2.0325059548850923,-8.026241923430636,0
1.1603892194263299,0.4517492246404977,1
2.614601459456683,-6.503248897070524,0
-8.016537519372699,-7.158543198041942,0
0.15486167022125485,9.879759260183821,1
1.3183693223715593,-8.735860749441908,0
-7.109150534260243,0.8815504289033704,1
-9.184109513843921,8.838399615261153,1
-5.121600483627984,-6.290405839390876,0
2.189161526487913,0.6196993944897642,0
-1.3744430073635066,-9.37684133097884,0
-2.6039203940757716,-0.6050183572449619,1
-9.011134709961246,-5.23460305351964,0
-2.5437174594568956,0.8904569119414312,1
6.380732820246369,-9.065618978868926,0
2.9969892777286695,-9.19615380328205,0
-1.2269361840610493,8.661492682903212,1
7.031406934134406,1.802111274701062,0
4.343869734715231,-8.667421270705928,0
-2.904055039565425,-2.3487114453714337,1
3.261042456460892,-6.868922652959963,0
3.8760062558551596,-8.660789779479279,0
-6.528987398892756,-8.272128477792409,0
2.0552622944046224,0.7565580005680594,0
3.6841877252252253,-6.702975984325688,0
2.4510433217194194,-1.4920510230048123,0
5.129554200835209,-3.165366608217619,0
4.717468537788886,-9.286577421561507,0
7.841332114022663,-5.71997274390021,0
2.9223491163531534,6.569533139721173,1
-7.832788924806351,3.2664901216153392,1
-2.6089261032069118,5.144113869498659,1
-3.498645017764817,-1.6337531291621872,1
4.820483144045324,5.531964840263424,0
-7.926533757333043,7.755379076449088,1
-0.3653339160196829,-4.676204185592363,0
-0.8002077012423836,-9.434361929334571,0
-6.413698414242206,7.586853382986295,1
1.6536671440850625,-7.328442768726477,0
8.739700980644198,-2.3036307155865625,0
-8.959536818095938,6.236882831055979,1
3.001847599035603,6.244568228352957,1
-0.9880705464833888,-8.85281482386466,0
3.3675507746577047,-4.057417067483016,0
-3.7016858178317964,-5.856328599098122,1
8.781205542739457,0.9136987896268227,0
-6.074028739270845,6.7633069633081035,1
-7.333858705830716,-7.29923205380919,0
-8.993056541682128,7.507459500627903,1
-7.719034802790297,5.297444032181549,1
-6.990240965829992,-3.256725408136411,0
1.6657586446183448,5.530916064327169,1
4.108723119645958,7.898746172590311,0
-0.26855596595719966,-4.745049525389591,0
7.191814876792218,5.014416040695341,0
7.399691436973487,6.360885094979551,0
5.932407107897472,9.974161009338388,0
-9.142461807386663,1.256651896766904,0
-1.2117884961124261,-6.145147611309634,0
3.604916633895808,-4.1249205691423345,0
2.4322136165769788,-2.602587476209271,0
-5.805518084425696,-7.077375135081006,0
3.7179275978405855,-8.480916514567983,0
-1.9877054828322915,-3.322834259864189,1
-1.5763494122531885,3.5660715278300774,1
-1.8441696533182022,4.7618183854382945,1
4.911863177806623,5.029721291129395,0
-3.226377806089702,-0.8158681789147728,1
-6.695397184682978,-4.814438536757171,0
5.88907679560727,2.8480035294622947,0
9.18553339073355,9.312198424847494,0
-8.085415170629052,-3.084702377728174,0
-1.253895838664727,-9.75560763693699,0
7.308747398497573,1.0974986540263725,0
-0.5223930067763742,-0.19300162145306032,1
-6.658525695039355,5.555172614189118,1
-7.073420531636541,9.159844236842186,1
4.182321126560183,9.206425672230345,0
1.391917194075905,1.4844694090582067,1
9.577562867947599,4.0597931499192175,0
-8.628127838400141,9.626344331026086,1
1.778831387093513,0.1674040315957548,0
9.920334465423455,6.932406346781651,0
-5.7574306694297706,7.6638848724775634,1
2.9335805655453377,4.664179960858297,0
3.811879016256965,5.088531964897097,0
9.88038621990771,-6.375568227745592,0
2.032796887309832,-6.7823014817234295,0
-9.603594895326497,0.9357069580020898,0
-1.7633387416051516,3.5147366482112083,1
2.975431485542174,-1.4147560098183138,0
3.272542965211553,-4.274846509864685,0
-0.2199590669931144,-5.360215122487791,0
9.395681225444331,-7.086046105961179,0
-7.371715813432407,-7.785791031969906,0
8.460195471317139,3.7591241427370754,0
-9.541672394927529,8.440671403348187,1
5.134015181674599,-0.8541689538487454,0
5.955874564320583,-3.10117219684352,0
2.391171085141089,7.819710606466202,1
8.871527002089717,-5.891714143168949,0
8.171163516729251,4.832057270405787,0
8.998843787753916,-8.523593641948054,0
-2.6096929794663666,0.2292089954559664,1
5.4772647080785966,1.849996987947753,0
-2.39476092403073,4.567239708903507,1
7.744719856002931,-3.214682258107036,0
-5.922997141633822,0.9456806173518988,1
9.584166149456486,-3.3346223483042525,0
0.2948988195395863,3.3844178974229386,1
-5.651835453338809,0.9137219243447792,1
3.6688149397644665,-8.08872047354144,0
-6.093945062095902,-3.0896389870157286,1
1.6337271607327928,1.017100096815911,0
-7.755450857758017,0.42874593736206634,1
6.221827807123944,4.1374285048784625,0
2.665972900165075,6.613090480558707,1
4.057217264968408,-1.6912225410617676,0
4.835280189481171,8.857161279208505,0
-1.209152763948584,5.770649141616975,1
-8.83231131250638,3.7521736178184213,1
-4.732920930640185,6.6048591379461215,1
8.761994558785318,6.816954072053726,0
-9.984765652223205,-4.93702672937685,0
-5.145607741234772,7.929301912827462,1
9.185093119491931,-9.35853998739973,0
7.852409159736638,-1.5280024950284705,0
-9.097662800928482,7.727658475237465,1
7.7913729604867115,-1.795139790716398,0
0.09577730691221831,1.4555973353229508,1
2.6573365110080474,-4.482678778819307,0
5.0858916994474885,-6.127606296439594,0
8.483724536962754,0.3522940220408781,0
7.643459563157393,4.095643119705139,0
-2.780186150052728,2.3034721343899296,1
8.819100969942848,3.974411363230095,0
6.545147919291622,-8.514287375427292,0
9.720988381910047,6.051021766101378,0
7.474837604634722,-8.738946924988404,0
-8.388028135203689,7.321508705134068,1
-9.248016058964378,-3.41655034079859,0
6.713930895429851,0.21779255932318975,0
6.895534814952743,0.543660372870578,0
-6.888069750141121,-0.6482828189236756,1
-7.597839283686875,-6.980991797324569,0
4.795137945733625,-7.2915302756641065,0
-8.581300231377062,-8.65052059632088,0
2.3001672043900854,-3.8160941719919617,0
1.4450488993214385,3.4922278410740493,1
-5.129762379413288,-3.8818052085835824,1
8.554919909686934,-5.860461491293538,0
7.001019650231875,-5.401093468896354,0
-1.393916838637514,-6.2108460108899965,0
0.7337325444646741,1.1399632369888142,1
-1.4529045511418524,-8.40666963355146,0
0.591651699989356,-7.089828922596766,0
0.31218248961606143,-5.2554118765146285,0
4.859041608157398,-6.058818400691608,0
-6.114322019292702,8.149229083439327,1
-9.66128356925363,5.864210354728856,0
-2.0985134208045197,-8.22325637670251,0
5.890892061170003,4.62420543245071,0
7.735823310721454,-7.606759747047529,0
2.7297474081665367,-2.119598619870491,0
-8.430263464399054,4.4330373364638405,1
-1.4035223742683307,-2.557465495670832,1
1.1563378886420388,9.783044514953186,1
9.837100098809245,0.9681347499843334,0
-0.8036701429268334,6.639606676651265,1
-2.6372690713702784,-1.0560780075061658,1
2.00037738137679,3.8502084493803217,1
1.8406025173012335,3.4921831325689467,1
-7.436378129234225,-1.1691802565836014,0
0.5465606320397125,2.7684345443820924,1
-0.5043649398990979,6.046133856061719,1
1.7494648794535461,8.500864711420991,1
-4.157545343690763,-3.3786281933210276,1
6.062273345975921,-6.034970584190229,0
-0.352663402184616,3.5384185442809883,1
-2.2225460091759004,-9.812754672906358,0
-9.063567214166719,-5.925405013800997,0
0.6361362077730455,9.394350450776827,1
-4.256462383906358,1.5207243109537139,1
-3.356884245388372,-6.27192729637414,0
1.4006688539287815,5.232112987108721,1
6.759392383089459,-4.219318945019948,0
-0.7140770979285875,-6.873992269171072,0
4.565195841566112,-5.938658862617419,0
0.832018376477917,2.7648088789413823,1
-9.02824253683669,8.833247517353758,1
-7.265337557260628,-8.778715613048345,0
-8.531031707240597,9.279346347889842,1
3.7342686366268225,4.541988371893504,0
-1.3113457560772002,8.59181177638569,1
4.583556377577128,6.501642385454026,0
-4.809667184882671,5.327350092208285,1
-7.037774207979086,-6.146514916387565,0
-2.9898097831673764,3.6897573584908105,1
-7.298766653390367,-9.062502158298765,0
6.821327515772136,0.48865292289985085,0
1.7538778588203012,2.5727956291323277,1
-4.344755304735997,9.91698969756894,1
-8.958725455590885,4.36880396681245,1
7.660965662376224,-1.1758426561507846,0
-2.7798904880842557,1.0114854435945748,1
5.097357632392118,7.37277647050087,0
2.2780010086277773,-4.100228668633372,0
5.876884066342962,7.411363931744372,0
-4.311901557610723,6.911287412349324,1
-2.1871217319940666,-6.3474887183008,0
3.5514466411322765,1.6279300593789774,0
0.6407529700846144,0.3268834628178485,1
-1.6866456833125572,6.831861437737189,1
-6.69706271344932,-7.605230785836015,0
8.637518825620287,7.847535417363012,0
-6.023731128644836,7.245683440535803,1
3.2533226658571444,0.040661696491369526,0
-4.445425640798424,7.743769028461912,1
3.9234932869314854,-6.5288444728294355,0
2.0839799824748013,-0.2837877074163053,0
-3.232020667369815,4.134391398940489,1
7.157106809929118,-1.2812631197091235,0
-1.708088144255278,7.013522796393204,1
9.102714421462696,1.570266400917637,0
-5.754763956664353,-5.373918855007829,0
2.2827767569037505,-8.563994086700008,0
0.36319832728903734,0.7941224220649694,1
7.11045147463965,8.63061234232848,0
8.13887208624919,-7.153678432370887,0
0.33306331330460637,3.4730774473767596,1
-1.1963416790554433,4.171225283479616,1
4.579711669580744,-8.149857104692886,0
-3.614596262106522,0.06125045502550286,1
7.620888700150637,-5.6925246545286745,0
-6.151838918197175,-3.5521870535778515,1
4.476884479285415,-2.0880133939934353,0
7.047699944301723,6.857250477283159,0
-7.406175214528476,-2.1153789314079097,0
-3.945953195894103,-7.521132181074577,0
1.299318956093252,-4.041508812073122,0
-8.887609938638922,4.590819700596674,1
7.48766905052711,-0.45271252550561236,0
-4.952426543492557,3.371839125072233,1
-8.724551087828036,-0.15230206656996614,0
-2.123252443529042,-4.4720151962691475,1
7.406975354528363,0.8110531959916649,0
-4.364207410229726,-8.881482036964993,0
-4.1647211317441375,1.6126378746286747,1
-7.280903255677547,-0.7159016577049258,1
8.026000112147592,-9.192504430477253,0
0.42449862328008336,-3.6363037064206356,0
8.480427653828233,-2.424725696920758,0
1.4508574134079382,9.734059414028675,1
0.3033703187619565,6.204528981329382,1
-1.141749186767056,2.3293065646768962,1
6.509229345621218,3.752874939869171,0
-3.2124522361848262,-1.3969968106145956,1
5.711726630653594,-9.284710126780958,0
2.3291741290348433,6.883330463401876,1
8.85513287715856,0.7663156151468282,0
-9.312337442429213,2.8245341740142234,0
4.133553922587641,-9.87426426158746,0
8.829343613358873,-2.9127234388428818,0
-1.4297791608911226,9.35496813067251,1
-1.76011011471555,-7.42764931547385,0
-5.97947034896495,8.816125705942042,1
3.616794096198735,-4.993869040600847,0
-2.6419898540001157,-1.729610310994989,1
-9.612912714339405,-4.850622834361207,0
-2.9472028005379114,-8.368020716190813,0
2.942467824718623,-6.289281305640553,0
0.6393131117800195,-5.551206683193519,0
1.957653463216971,8.855084860967551,1
-4.371633795877359,-5.9664574965467025,0
4.519286166591353,-2.6608488713053084,0
7.558824324674873,5.581715979308974,0
-9.7234278126646,4.004701517251249,0
3.8369443314373477,-4.029578831402243,0
9.39929586326409,1.703754567634899,0
-5.176472512501653,-6.1267287801830195,0
7.153992511719945,-7.900278152502043,0
0.9543566288832057,-4.787237036029957,0
-2.56416272348935,-7.192424818813694,0
-7.85131787069921,6.061929687626385,1
-1.6831351699134807,3.3083982781271146,1
0.9022175448278507,6.5273742915000135,1
8.709398174113574,4.933174488234922,0
4.747201905362246,5.3753719453757665,0
1.3728141300554029,-7.093373775717932,0
-6.179809112654128,-8.131239673561035,0
-2.7230866242898983,2.0212991827959907,1
-1.4794158802121586,-4.880239645222614,1
9.60517854848423,3.856479440575228,0
2.9794175168481924,-1.6531569048105546,0
-1.280434861641762,-6.994072255192176,0
8.173498065212105,7.394344156073121,0
-0.9458368481311563,-0.8926271362813551,1
7.388087702287386,3.6158430905373944,0
6.189971955995706,6.722892147384016,0
-8.23606502497051,0.4948414894134707,0
7.2190294936931245,-0.9012560077594305,0
-0.01928245520525884,-4.038847552753553,0
-4.723249287638074,-3.2180449751931377,1
-0.6092913868492182,-3.863581812411912,0
1.3940330380840713,-0.4958917387455628,0
8.819387002570785,-4.696435484544255,0
7.529300349900915,8.326629985234636,0
-4.745782382630146,-5.08826338624587,1
-9.76816572611243,3.4929890909968435,0
-5.031127547144145,-6.8547282155447125,0
9.272594381789318,-2.914500105414408,0
1.4805617919361396,4.1285960421661905,1
6.62549671828522,-0.5930313063494079,0
-8.06647751454256,-8.219521529062488,0
0.7154900354738167,6.113473258283118,1
8.424403888711051,-0.2880724883318777,0
-7.683105707396249,-4.578772443280396,0
3.0144735816105594,3.8907027237484986,0
-5.06122166670544,-7.7312234817221,0
-4.874704070849402,6.100907958795027,1
0.6802747098327018,5.138411065705203,1
-4.00478688716775,2.8256212084836783,1
-7.039491457415721,-6.23596490951186,0
-7.51211238186815,-3.8480229511384962,0
4.412609718783697,-6.47796021453841,0
-7.978601950134639,7.26947430345745,1
4.136203278984992,3.5791788085869225,0
-9.02300624976251,-0.34357139189617136,0
7.910381486550932,-5.063150359109844,0
6.68233212460105,-9.950810943074277,0
9.062660364315104,8.56587363076249,0
6.856286355298977,-6.407994623942386,0
1.2301899991384602,-5.7600822693163956,0
-1.3317772965304364,-1.6087384028175329,1
9.413518688393733,0.37471595678993275,0
4.096049843380964,1.1101585764758166,0
-5.653179586093753,8.325722812832023,1
7.12769519387345,0.38020936035730024,0
3.9277591979259885,2.624804193167458,0
-4.5855022582380105,-3.1132393644517675,1
9.470767764271937,2.088690973642249,0
3.6486379730109277,-0.45733690424205165,0
5.782036553319422,-7.320318749780512,0
1.5467112690778713,-1.938941480729948,0
-4.414888567233721,-5.513302931268928,1
4.8200001471681,6.431616584525454,0
-5.554464608702176,6.638601920550933,1
9.170465127854243,-9.983351374740755,0
-6.3987736868954,-8.909723313718823,0
-3.2034006330361198,0.6913025705944591,1
2.2573359020375854,1.162044194810898,0
-7.40238744892763,3.5228022761830697,1
-2.7053712414721147,6.511087721574675,1
-3.635069660156427,-4.169000814672392,1
-4.377252612519877,-8.722603653643255,0
-3.977012178811224,-1.6108758210279834,1
-7.174524755777423,-6.320348835380547,0
-9.415976369555349,1.8661614813898915,0
-6.730013109216106,3.3352387996291775,1
-6.04464414268895,-2.661992471208987,1
5.3581438623536,9.988163930502076,0
0.450262405874426,9.068477440817308,1
-4.816376166310123,4.563988715645378,1
-9.783181099722055,2.191385847916923,0
-7.009816455320936,8.861236787484362,1
1.5290119184209061,5.676616629171603,1
3.1185280297363462,-3.8405217475123816,0
7.76200496143808,-6.595231636805061,0
-4.454947909922051,-0.21250714845095509,1
-2.2314747716673295,-9.668911332181814,0
-6.242377244945896,5.0259682228628435,1
-6.4124914618943585,-2.145416625866961,1
5.190391881855923,-7.826581429999182,0
-2.3210773221469,4.919467896076039,1
1.1221544870622537,5.755155513430184,1
8.921371385111811,-8.21619814401105,0
-5.687406280671623,-2.345295121413134,1
8.638134130817704,-1.6752786651434999,0
-2.0016906911349075,5.551800813858902,1
-7.301578660644674,-8.589321890791325,0
1.1842886018929235,3.3235390302574093,1
-3.244866654869658,-5.247975124131877,1
-2.8086335887758,8.053224210304737,1
6.447482457966828,-5.145308449898495,0
-4.462360033522936,9.454548171352709,1
-3.860995546122159,7.949678075862991,1
-8.171215700697758,-8.345164551301568,0
1.2274606788703473,8.447613364322482,1
7.792257916157848,-1.5525025749007764,0
9.732766954445516,8.414145828691563,0
-1.3488906380912375,7.900873196524053,1
5.501815451446488,-8.758352920914437,0
-2.664786693527324,5.87751462145825,1
-5.075965231882544,-6.344941399996249,0
-5.487419963839577,9.643388874706204,1
5.5876442098228445,2.4565333139299668,0
9.628987436592812,-8.038288308965548,0
-9.957778687737678,-6.11674735560737,0
2.9756180408563626,-5.583418691426578,0
-8.08520763443169,-2.1563101842857595,0
-6.845174454773972,7.893685079468579,1
5.72420137844755,2.4586546227035377,0
-7.4396730406464195,-7.662875855786853,0
-5.422966375035503,-9.67537920199334,0
2.6256814118574656,-7.779173250794342,0
-1.5394660860046745,1.3642867404143217,1
3.2052851970578224,9.554649258795536,1
9.29449976360592,-2.1645539723900775,0
-6.4954320924801685,3.6311808303288817,1
0.0879702851363362,-3.772237216826973,0
5.909574815896736,0.8860938093846578,0
-4.402096766759753,6.974749590443722,1
-7.142650519781622,3.1832722949097825,1
9.781966527372528,-6.978550654482392,0
-9.886248275184844,-7.554344071619048,0
2.714456952270206,-8.718219237182057,0
-2.7255650766736412,1.4607843774602713,1
3.1630104292598453,3.5419653961313706,0
-2.889623309584975,-2.07214165963382,1
4.7344692595832,-8.47978347774552,0
2.533790268771117,-4.741867964767293,0
-6.2451170862230505,8.413563438282349,1
-6.023506490660866,-6.479523111984527,0
2.654559208352012,-4.976178778772484,0
-2.5593021744244844,3.0456138455320225,1
3.0331974336068246,5.373028132743409,0
-4.361514916716058,-9.736053951858977,0
8.971206894650368,2.6495339999219443,0
6.268782666060126,-9.179663978415604,0
-2.1991617671967028,1.1770967395609873,1
-7.317882671217804,-3.8499153546378295,0
0.9851134678166105,-4.627034397904046,0
-4.5856362836485465,1.287814645957205,1
9.898993507029626,-6.540619779913279,0
5.974873770157226,-3.658457344967319,0
-6.6819437781412905,0.7737622528241133,1
6.1946532855184735,5.180690794323775,0
3.0517097565557076,-8.758551981176597,0
-9.600437344619268,-2.9718466452040815,0
-2.805301055548024,4.355897556717981,1
2.160484612388135,-4.388650830688363,0
-3.4330573562533733,2.0457511510705313,1
4.879897855443371,-5.689360098302558,0
-8.320725062517567,-3.8546114207828825,0
-8.69367585573711,4.445342442635447,1
1.0850031983752864,-7.767612605867247,0
-1.1588076494831228,-1.5691303665714322,1
-1.7601855993113418,2.7388520914519265,1
5.757387326251067,-7.810465282196091,0
2.9114342171405205,-4.6935793447984615,0
0.956795563423146,0.37539124763047127,1
-4.750308441004183,-8.000464229817567,0
7.906668857886714,-3.3687867021191975,0
7.545707128597492,7.15690663222275,0
-6.535154400275491,2.5645668992514956,1
8.424911138206937,-4.388063956226489,0
1.335084779301173,-7.642657720162928,0
-9.50572027529725,-3.1006139978104574,0
8.341378505541066,2.1053950383826976,0
-5.279272004218067,-8.924642920350362,0
-1.7235778331116052,-4.020384373196466,1
-6.994989283926458,-3.1757974814619523,0
0.2783886873734591,-6.577544120743582,0
5.046690257290967,2.719687571887391,0
-7.934878503674021,2.958437689180096,1
-7.55907530454629,4.138531743884098,1
-3.8742182635355675,-5.114775511605831,1
7.351956260019886,5.25986613346034,0
-1.3484065151605567,7.425421071236528,1
8.152809121877652,-0.25356096526143546,0
-0.7932628351609559,-3.6238604728924066,1
-1.9526344542147633,-2.0918604132490266,1
-5.94250506948584,-7.115277582952384,0
-5.462087222173453,-3.988175896877353,1
2.1843556050696797,5.79369195389166,1
-2.447664783744983,-2.383862651786302,1
1.4186261702479168,8.905105335375584,1
-6.3050090925822255,-3.5900435458957736,0
-1.1264226602613867,0.6072379765008513,1
-5.695479340147404,4.912640602196101,1
-0.5089436287569562,3.759337300154593,1
-5.627157194943493,0.25057005136532595,1
8.602684414279011,2.069706017794948,0
-8.647931996809909,-0.0893537507164126,0
-2.398433900303427,2.3649778749918973,1
-6.085039323862302,1.540670380224654,1
-6.053324396724804,0.40286822585648707,1
-4.446084848818829,-1.9430238410614908,1
-3.6928572423261414,-8.06416100762457,0
5.5705200849543,1.593056742512287,0
-8.720519643547691,7.538122685103982,1
1.0548795272472837,-1.6045700175677275,0
-6.663460374148567,5.228372001684928,1
-1.1163035434544888,-2.4822010008102886,1
9.254875083456927,9.80943893479818,0
7.976843006759079,-6.346962198110997,0
-8.785381250908301,2.1189213987566937,0
5.35038634552931,-3.3895453947927408,0
-6.988586324167853,8.083852126121872,1
9.806554077469546,-4.132220100614241,0
5.918596687597821,-1.9203029171954622,0
-5.780057384583117,-7.027465533716852,0
1.3335522627180136,9.54039742924634,1
2.5681521649984322,-0.49667416336225045,0
-0.41574301787547085,0.18086740471749607,1
-8.308316098689748,3.504866487051544,1
-8.945798847791888,-8.911317861582734,0
4.040424286282615,-7.660449979245949,0
7.646701558089344,-6.60467303850087,0
-0.9389904426951485,-2.3694982969572713,1
6.942804360570818,-9.497567281439443,0
6.9358378910861305,9.621597317276652,0
9.32069319063536,-4.00940107340001,0
9.342649505195297,3.7663333571038304,0
-5.506041212929828,7.568687666735791,1
-9.168226514504866,3.550158281658117,0
2.485327757458789,-4.1019896696970175,0
-1.5950935480981059,-7.830635245241355,0
-2.0836846241708944,-6.509274543686894,0
9.837741860595013,-2.6039519203731416,0
8.12516684925965,-3.31718196359356,0
3.5175972590605546,-3.4712929462343745,0
-5.945961964692068,-7.232350253339601,0
7.678156469433787,-2.8633530763941266,0
3.358141267108861,-9.574591577786613,0
8.452089421182635,3.809452228122863,0
9.759688645183385,0.015505600506459771,0
4.999834205352197,-4.2325030121848055,0
-9.32228907846416,2.1608477176892116,0
-1.010096454385403,-6.889290997461757,0
0.4114995177571341,-1.7404739309556483,1
1.133824289666883,5.812068322728432,1
-9.401177790400075,6.200919705910902,1
-7.923863863631562,0.42763211819973,1
-6.741651735554967,6.979328918581679,1
-5.906234204511889,-7.249349825832172,0
-5.617279577802787,3.1960141167238874,1
-7.815257711204529,-0.7398232271916818,0
6.025473783161274,-2.7027427875801013,0
0.6133920456192321,-0.011008531761081741,1
7.554930267260449,-5.703436151878503,0
5.947897777106437,1.3814416563519494,0
1.614496388432471,8.687766547005236,1
-6.7624363448461855,-6.8847701902710785,0
-3.8202682614286694,8.97356171430014,1
2.3651782456079253,-5.095241024403601,0
-7.383786274052255,-7.948736196914634,0
8.532938494389576,4.172399569831235,0
5.302854004082134,-7.239445519430189,0
-2.619441451322966,-9.642265899073363,0
-6.600260306543455,-2.498695839991245,1
9.485144225205534,-3.110652946019239,0
8.76552756558074,-0.6169332376650658,0
8.110751725155222,8.625591959965398,0
9.32070974318368,-7.087777627265903,0
1.170247807113146,-6.373397648564076,0
-7.068316709251552,8.577979613020787,1
3.6170141663122664,3.497812115932595,0
5.065977009952135,5.763351037562101,0
0.8088676471520078,-2.9071176418966242,0
-3.397866689398901,7.002089896592924,1
0.2874695786576815,-3.887083899635959,0
-4.4955890993722285,5.842913076067758,1
-3.0731518098544974,9.814045815310301,1
-2.347680961089824,4.4374995195578535,1
7.390031852876042,-8.782167815556939,0
9.124414853154203,-4.707595630165365,0
6.684883227278537,-9.958404784177597,0
9.947923091455426,0.5517520959176707,0
0.6211505400926001,-1.610344032153236,0
8.320589783207073,-1.5158970339956994,0
6.898365732577965,-7.916799982316832,0
-3.615872850053523,8.481580131370144,1
6.46387059675704,-7.5545234627558155,0
-6.2772471275153485,6.567113227230571,1
-9.948540262873955,-2.9039506117004272,0
2.3999853104428617,-7.333675740468113,0
-8.76796820830884,-2.2713859501951124,0
-2.279931724949922,7.950129341418187,1
-0.7279631871463916,-7.032480806715484,0
7.07275964809482,-1.4110012481025827,0
3.3249562418394696,-4.611056109895437,0
7.34199693881477,-1.0723013626252982,0
2.6957539247226414,-1.698577351156267,0
9.676051278844529,3.5029408388099625,0
2.7775150309678214,6.444172198057501,1
8.142288821074914,0.11307980257133465,0
-9.389840917555572,-9.948708279217357,0
-9.791790190123514,-7.651815196924048,0
-2.9171037573077356,-0.1853889519820875,1
2.386121482691639,-8.193168851082902,0
8.477147265374452,7.080637475566618,0
3.6024855051863085,9.455470553049661,1
-8.0924657176114,4.833679502013396,1
4.114138349701296,0.7449100726265723,0
3.448234565637236,9.905988125567927,1
4.845195932419262,0.17036803816422008,0
3.056779218567973,0.9319506929886288,0
-2.910313667392619,0.5194987854365039,1
-1.8756800531189128,-9.469074248887551,0
-8.223576889844416,3.456952724242395,1
9.19312668167617,-9.371303512107623,0
6.423251579558503,8.674466360876842,0
3.80071466784198,2.412164775822612,0
3.0408712392067763,0.09805509037246196,0
-3.074566353850507,-9.110972575602961,0
-7.446106580232124,-7.725163613803376,0
9.648459501207604,0.23564945973295437,0
4.40942781844144,1.2430106282059619,0
-7.088290094542566,-1.3342100528514358,1
-1.3991193540038065,5.7625398078196035,1
8.18735741230807,-2.512017391672952,0
-3.927320751602858,7.5612593729403414,1
-2.540667690565625,-0.1659045785940645,1
0.7475693005523567,-7.575156836127248,0
-7.431385684376877,-9.467235294445357,0
-1.088081897449193,-5.100287646902462,0
6.048394944608855,-6.884104394049164,0
0.5503210194630892,8.423072271542654,1
7.367055575539993,5.274326111844383,0
-6.515031603347703,-8.173674037965913,0
6.627427537303518,-1.3440699491853145,0
-9.328082413779867,7.573331338034521,1
7.32748928445378,3.425570950882088,0
-3.3309196377008004,-5.595308665348275,1
5.192196932936232,8.247493518905149,0
8.895561596780777,5.14959867258716,0
5.09265432427666,8.204594277283391,0
7.7361425614827155,5.332366128707163,0
-0.015486409025948333,-8.93604619104304,0
-9.921104995411232,0.07832691350286858,0
-7.10270495718107,6.025557358958732,1
-4.0419396021371305,-0.20280773836560861,1
2.8757522198663104,-6.572852455056825,0
-0.47434261821649315,-2.3345622712273233,1
2.3828909675784953,-9.710448436042057,0
-5.908476391785729,6.8208153183238664,1
-0.24810897927049425,-1.2977943033614991,1
1.528028867024016,-0.71551241899326,0
7.820598265467023,4.578374086657501,0
-6.407554011441585,-0.39096550369650096,1
-4.211135867310444,-7.668740101568837,0
8.169042584172075,-8.724079207911664,0
-6.615301319396238,-3.2682681079881437,0
-2.69139880671206,3.5607262302649705,1
-1.1403558026035139,6.578903605593659,1
-2.522062622686951,-7.976015794448214,0
-2.406158406973253,4.236734013955941,1
-6.462248015605443,3.4857987683142415,1
6.706111317149524,5.388382137674705,0
4.238923766267593,8.75031805019293,0
3.1519219749982508,7.738799576628445,1
1.4525665017698426,-7.028461764895038,0
8.704025871491574,-6.824903345345426,0
0.6823470063954691,-8.184687903632073,0
-1.4452260241558594,-7.992829100057799,0
6.026183665457506,-1.5987797569471631,0
9.972472716026274,6.056686748306298,0
-7.964173161968873,-4.2779822951637,0
-9.097352333087454,4.356832581917018,1
-9.42704585297928,0.9821950682047671,0
-0.127264186972063,1.1717595489090922,1
7.9834317119004155,-5.864197774031316,0
-7.862090766114916,7.279415402052347,1
-2.9691490674483596,2.492161395400668,1
4.591645912960807,-6.755989406419456,0
-7.540096638443159,4.4461070547161725,1
2.4376744399218424,-7.168777129634297,0
7.641663300776173,2.873560813995333,0
-0.6678834006533059,-3.9843565035697726,0
-7.323370388857251,-7.252232746478318,0
4.639334438700931,-5.881516250319123,0
7.601570470876766,1.458875164685221,0
4.881336264406045,0.022448022190937778,0
-2.736703290137676,9.959452173457045,1
-6.110403943601499,-9.429132170299528,0
6.631598147568194,-2.2278114323219356,0
1.2910400311195112,-1.1413946947430027,0
9.933954688704965,1.5419774754248365,0
9.41796537397687,8.697780335585094,0
3.3372180934255553,-4.045481582021839,0
-6.465471600409001,2.169469931074726,1
2.513009149071202,9.085348615905716,1
-2.262336756266075,0.9320162705272494,1
1.6717509269264426,8.384712034623078,1
-4.899238041258305,8.674382969933891,1
8.660120325678587,6.881295559188942,0
3.914226743461441,1.2841443887707022,0
7.577707288520056,1.6370233585650418,0
-2.3290753901555323,7.221121532970216,1
9.2403863632505,-4.803230014562267,0
6.525125865333678,-8.091744834487047,0
-9.129202012112446,2.3411329122852003,0
8.71813140884877,-2.753667260287937,0
-5.331796309387058,-1.8974818996288647,1
-2.767639024847492,3.9981551269726623,1
-9.992245507882139,-4.608905862030339,0
-0.3140536829366969,3.745290415092505,1
-0.44236932091341785,-9.784711685771107,0
2.9516907346224137,-2.694786736167895,0
2.93293252838005,1.036054580542567,0
-1.268445468601005,3.383734851073992,1
9.084186028294198,8.776630414756376,0
-4.6408179020940015,-0.7173920656179096,1
4.830381439094191,1.961590460841979,0
3.7624929291142486,-0.6643572106501878,0
-1.3287795127287296,3.233146065010942,1
-2.5024387252896974,-4.1210748385237945,1
-2.003679333315052,4.8961392573177225,1
5.805848360715862,6.546280375467251,0
-6.6182939245579036,3.356667935475963,1
3.1411073717386486,-0.48537665431314103,0
2.7994699516701598,-9.406736541570238,0
-3.296951702911908,1.2901009605903404,1
-2.4192682982554192,-0.4285440807453256,1
9.215258641181691,-1.8263564345903998,0
-6.876204470809901,-0.7175866776909139,1
-8.082198243850486,-8.509552325210256,0
5.222235662291194,-2.531432400363327,0
4.7649677233534895,2.2943170774368618,0
7.838348519100414,-1.7921507332857445,0
-0.14754435585010484,-0.023602079891800187,1
1.1641507543961556,-2.097982630685795,0
-7.149078440547645,-8.636202258003443,0
2.9505969716375446,-1.1305621592738024,0
5.397834459661457,1.5934410573431652,0
9.085871768005799,-7.614204585284508,0
-1.8350749964024988,-4.489156437855788,1
-5.171798342652753,5.448950113025109,1
4.200633491942886,5.99783346811037,0
7.859053425475228,-0.5577125877894602,0
-2.8820843558884413,0.31125900874849677,1
6.883020713023932,-5.798829814641602,0
7.546649348489797,7.256238839000094,0
-4.687585485927173,-2.558920017496124,1
-4.534527408355087,0.7287339017832757,1
-0.41334699072102055,9.280896636352516,1
-5.127920244005457,-9.759937406466129,0
0.8523781641569741,7.389137369036753,1
-1.7747597791614922,-3.933510111234746,1
-4.733867009990309,3.4018549987298066,1
3.905509180213775,6.42467914981453,0
7.549105880358404,1.3334628584141779,0
6.6129282565941665,1.5161146320733803,0
-3.708351748091985,0.649490069818377,1
-1.3400010337701076,1.3633358465457146,1
5.026775328011707,-1.8034867052740982,0
-8.120105939443532,1.8040953213762272,1
1.7172106507661127,2.320914212227125,1
-0.8910561762613245,9.038839343918156,1
-3.761626854969144,4.997370342441123,1
0.06226520142148573,8.820886286829989,1
-0.6455506945750411,-3.082930736614271,1
-9.585659347453056,-9.562227965693278,0
-4.4458947525565655,5.509242304739368,1
4.859516913599716,1.5934740450473726,0
-2.5213019416313127,0.7688379348486745,1
-4.32880553111352,-6.050429095491527,0
7.227111317112907,-9.166087319902411,0
7.667123721933496,-2.6779562824299514,0
1.5219522833825128,6.2811134572016165,1
-3.4382467478216565,-0.591798315967706,1
6.572899813868492,-1.6366739860341806,0
-6.221582604273854,9.847084908682536,1
2.1338114220752598,4.088366238838365,1
5.070349535916181,-9.75448089404197,0
-1.522407726891604,4.161187886621393,1
-8.320394649139091,-2.126038060700477,0
0.6123295202764361,1.481895406279559,1
1.830706701805953,-0.6795578889188647,0
-7.624611717357133,7.865506567422127,1
-9.65262831674567,5.069906220614989,0
8.69843407928877,0.20815309240263602,0
-5.235981542968535,-8.15471309047938,0
6.887924791617198,-5.023022283129526,0
1.7347683216869552,-9.649804329049509,0
6.891404366466425,-4.735012427208327,0
2.5633147889908017,-3.7092216539121363,0
4.762386620076493,4.535313781280427,0
6.444684891045306,-3.1582152851568353,0
-0.9287760913604863,3.138150474206551,1
0.8465278859001746,-5.818558567408971,0
-5.420766418357008,-8.211102625254377,0
7.757408012423053,2.6549773946930024,0
-5.3588697303911985,-5.343431435861867,0
-2.081346344062238,7.065722980479599,1
-0.9662697187752016,6.308107178298144,1
-3.4905192964214926,0.2943659290911764,1
-4.91513646572902,3.8664138111991626,1
-3.8478820564957754,3.3719131132015754,1
-5.635599845844328,7.171460143807884,1
1.8049327321504887,-2.440966473131332,0
4.999296859160793,-1.9796605834788714,0
5.787487839151771,-9.525362301046885,0
1.919775317629659,1.488894703971848,0
1.2723337225944036,-4.4252840714742465,0
1.9120699352246984,-5.425645974465247,0
-9.224945685666572,-1.6100186973222392,0
-9.589159650349151,4.2594259587690715,0
7.873831607495511,2.1840322942276895,0
9.007615294972446,5.054438807271316,0
-2.8169663000237772,0.0682435699429007,1
5.845739629196363,7.383819889201771,0
-5.9347164014308955,-3.0261028758233888,1
1.9705953065942179,6.265576772131251,1
1.1402411986633076,3.1195969292490826,1
-3.8760531548998483,-6.5692573118787685,0
-4.319819592837724,6.276697087933847,1
-1.2987273202623086,-6.968734702160124,0
1.5822530209601737,7.9720863217987095,1
8.007504241906702,-9.513411798731893,0
1.575076669930855,8.85025816903649,1
8.632869837463378,-7.3761713925654115,0
7.550292882453583,-5.335313543110978,0
-7.75466925845647,-0.5215966907356329,0
-5.579856385948155,3.2646900850529974,1
-1.1329466197627092,-8.320338956199747,0
6.777468973787201,9.862650461980909,0
7.816379526820075,0.9110589884657152,0
-5.968840183275265,0.34045047074451773,1
2.70679858643377,-6.432106373514892,0
2.921552600997696,6.658376982517204,1
2.822024695310537,-4.015081829312262,0
-9.019277516988584,-7.261590954308388,0
-5.381951963477885,-9.12711252785735,0
8.52077311793862,-4.125497172504153,0
-5.974922828546019,-0.004352263613737861,1
-4.002281565705397,6.051335579499273,1
-5.172726241122378,3.0578683872328227,1
-5.393357206307652,3.222113949582111,1
4.121617077043343,-6.567289264984502,0
-2.887143123529155,-1.7103740832187668,1
6.64493649152833,-5.2323974092290655,0
-5.973974382049148,-9.889828495058017,0
-3.9660797535818197,-8.187671133965937,0
-7.36977429546555,-1.8373256651009378,0
-5.864358577997226,4.557084144550229,1
6.128887099234991,2.70177010743879,0
3.464085649255427,5.06334520240129,0
-7.331269098479904,1.9334946645697428,1
-6.184170085069813,7.7473297530432035,1
-1.6970117306924308,6.4922831863023305,1
-6.281048217886058,-6.768695440789707,0
1.14510615598331,-1.557877655772442,0
0.550785873644493,-3.200412414104667,0
-7.87085631385783,1.9770770493283791,1
4.300436808756817,-8.561494463494304,0
-6.82723863936384,3.356868342315982,1
3.8766323504513522,8.982960927541729,0
2.2800029278619363,0.10953074824645803,0
2.2128394209830997,5.079200579389971,1
2.610313501668376,9.469219199042044,1
0.7036038878370316,3.383279575139472,1
-9.384966099043373,-7.941179484844437,0
-7.6664404296006206,8.819405969023123,1
6.779033452452005,-6.693956013050011,0
-5.384982267219074,-6.469554537112239,0
3.2251618298628077,-9.370629479151349,0
5.728613985048899,8.304700394369803,0
4.548238880669862,9.660474448491772,0
-5.061211949965843,9.50837409602222,1
-0.027375797612517516,-7.195717929844159,0
-7.3844689335532765,-3.4274198064335915,0
8.824386038780851,-6.116850011160578,0
3.702463196990191,2.769331139790559,0
-5.6866588963955245,4.6354866125084175,1
-3.266939583947501,-7.1675053859419595,0
-4.745019493510243,7.9624077824795805,1
-7.257202805093039,0.8813282939353133,1
-9.326043069268524,-9.320024111861066,0
-1.447025874818923,-7.804483166578624,0
-4.016473249607881,-6.405243060158341,0
9.857158680437642,4.389826021673848,0
1.8941803478196348,-1.7868178947976325,0
0.4421689693052926,-6.2672495466586,0
-5.876418185378296,-3.4698754699846956,1
1.4657522377215138,3.0043160964016185,1
-2.033850889891151,2.3366394575089977,1
3.1644499380827504,6.01219794296712,0
4.98915835621775,-8.52490463526754,0
4.004012169307337,4.633182802216169,0
8.045834004051365,-4.705293011234635,0
-0.9247548389729445,-8.621724747903357,0
-0.04100562677644959,9.31461998113916,1
8.973064779918833,9.446051085356459,0
3.179789357784845,-6.734693032942117,0
9.849554817601437,-0.05955212863760195,0
8.68395550916738,-9.011101261106633,0
-0.6364844675247099,-5.005869785269006,0
-0.5970448134795312,-9.60434841110191,0
-2.492480836553934,-5.133998445155878,1
-0.33982774874542265,-7.619821407888255,0
-3.6413636445263524,-6.596108892709638,0
8.798222437673346,1.9862948245108818,0
9.08563322571936,-7.355637373545145,0
-9.107235569971754,-3.193460049798908,0
8.891724789379825,0.967847396612509,0
-3.0030408358838727,9.960661467663364,1
-2.8642997453021213,1.4634398862050517,1
0.277528617780721,9.588179269283064,1
7.426233068839039,6.897105405743574,0
8.500720477667446,6.967041387333566,0
2.934664095974245,-6.786356094164548,0
7.5743536316959705,1.3109084387126373,0
9.0461097348282,6.132994833576365,0
2.3549888695366334,-3.003995361858946,0
-5.471749361354073,7.7104828511223396,1
-3.010341561571332,-9.020243801011105,0
-8.720435879184391,9.962367971789334,1
-6.776165270609296,8.504484661717765,1
5.2045442690741375,7.441389701732948,0
-6.520575770742889,-7.9998649861277045,0
-7.422477924443567,7.35784092989924,1
-5.808087361523175,-2.628484844516792,1
-7.447170884852554,3.6852932516127055,1
-9.506608011600903,7.926579710026626,1
4.992767301659661,0.342459129824606,0
-9.543761880606334,4.379154105891988,0
-1.3948138222997173,3.1352485849102045,1
-2.485668059620048,0.4305852388129807,1
9.87752642040195,4.0322848397366755,0
7.55950649002218,-3.9845270577521186,0
-3.7390450988416664,-9.406425663198771,0
1.487514045861074,1.6861972395115252,1
-3.593053921113798,-6.207677782386776,0
-5.745802204482098,9.798539193766103,1
6.076460818917745,-5.593246448966507,0
7.284914914976824,-3.9417187922767916,0
1.3763987080849294,-2.291434916160582,0
4.2719259639093,0.045986449211278924,0
-2.992064915834507,-0.8681192909153843,1
-6.439547830513019,1.047999837771803,1
-5.126543136449566,1.5291873413216965,1
-8.628987425444821,3.445236898621225,1
-4.78339741478287,8.57076106483229,1
8.13104394265325,-9.216357857855229,0
8.113862366230137,-0.8055613215285984,0
0.07372113579993211,-1.2154923861438611,1
5.505503010820799,-3.5232387918830916,0
8.21563727652864,0.4183241877454442,0
2.9220850959254836,-0.16112597084785563,0
9.782491144482282,-8.895959482814392,0
-4.741479631687772,2.5052228262077154,1
1.9693152970618968,-6.670501667955005,0
-9.61399257477974,-4.450312461648183,0
-5.820716425436679,1.3536946270671244,1
9.907780897770007,4.665479373460164,0
2.951456664952012,-9.355189656586775,0
7.071916135625383,1.5983446109708144,0
-3.2650079069680027,3.397074854229537,1
3.9436142491024384,4.661949992768502,0
7.378434099046547,7.199458916968659,0
6.896268331611687,0.032875417359148784,0
2.3434269906822376,4.577286268054944,1
-0.42298214580279136,9.518180473800385,1
5.804844789875618,5.157475680343598,0
1.029773891993278,7.450650896375077,1
-4.629559054218138,-0.48125232341307367,1
-7.678483832119465,-1.644618360971613,0
-5.459598605233145,7.172552566449923,1
-5.494177773998798,-5.314352763749275,0
-9.346047810405334,2.4200076388318266,0
0.16008066265620258,-7.8231255131080175,0
1.0770368455368065,-7.7833212134625,0
-5.494106583209817,-3.4105491522197955,1
-5.504129900367845,-4.342031364965948,1
6.211731171559677,-6.391441945562038,0
-1.8925332792501948,9.68294543575616,1
3.438022441311679,-1.3268776382239107,0
-5.518326614120919,-1.3904559575200928,1
-1.8263286265244805,7.092514706226449,1
-2.144281821607004,5.651795682568215,1
-6.888446592426987,-6.493871660658124,0
5.115745888937397,0.007424599693619527,0
-2.033552123401366,-8.732530694847721,0
7.118419558867124,-6.45218778699798,0
2.5323298709531112,-2.2923450598794926,0
-1.1515140761190032,-9.417746988625105,0
-0.5391888606188537,2.325878994104153,1
-3.112110082611874,1.5226003015146539,1
-4.506191346623019,-9.594545884842054,0
